{
  "generatedAt": "2026-02-24T14:22:24.329Z",
  "home": {
    "score": 82,
    "fcp": 934.1755,
    "lcp": 2265.9085,
    "tbt": 583,
    "cls": null,
    "si": 3672.2477349707515
  },
  "market": {
    "score": 96,
    "fcp": 1132.8709999999999,
    "lcp": 1132.8709999999999,
    "tbt": 235,
    "cls": null,
    "si": 1207.7286993421812
  }
}